{
  "window": 72,
  "horizon": 24,
  "best_model": "naive",
  "metrics": {
    "rmse": 956.5530054732678,
    "mae": 683.1510907384679,
    "mape": 1.0320442767969724
  },
  "timestamp": "2026-07-21T22:12:29.202457+00:00"
}