{
  "window": 72,
  "horizon": 24,
  "best_model": "naive",
  "metrics": {
    "rmse": 952.0257256939672,
    "mae": 677.3601741398693,
    "mape": 1.02399066426601
  },
  "timestamp": "2026-07-21T22:04:28.181675+00:00"
}