{
  "window": 72,
  "horizon": 24,
  "best_model": "gru",
  "metrics": {
    "rmse": 979.5339407311366,
    "mae": 724.861390611617,
    "mape": 1.0936782673343564
  },
  "timestamp": "2026-07-21T22:14:42.800921+00:00"
}